{
    "unlabeled": 0.6666689138178274,
    "ego vehicle": 0.0377352620506536,
    "rectification border": 0.0021308926291870914,
    "static": 0.0012113915505004085,
    "dynamic": 0.00319103122021378,
    "ground": 0.004240946782662718,
    "road": 0.10550657746757557,
    "sidewalk": 0.0168221679027948,
    "parking": 0.034568881718920204,
    "rail track": 0.01659434473507285,
    "building": 0.005505021167364515,
    "wall": 0.00024457461448120914,
    "fence": 0.08550516371144812,
    "bridge": 0.0014707518935525598,
    "polegroup": 0.00037472347324346404,
    "traffic light": 0.0011684886088984205,
    "traffic sign": 0.0003782192265795207,
    "terrain": 0.011452589499080882,
    "out of roi": 0.0009613281909552015,
    "vegetation": 6.553577537785948e-05,
    "pole": 0.002200887112353622,
    "guard rail": 0.0009243972545615468,
    "tunnel": 0.0010779095966945806
}